{
  "tiles": 100,
  "dice": [
    {
      "die id": "1",
      "faces": [
        99,
        99,
        99,
        99,
        99,
        99
      ],
      "probs": [
        0.18,
        0.17,
        0.17,
        0.16,
        0.16,
        0.16
      ],
      "die location": 1
    }
  ],
  "start die": "1",
  "snakes": [
    {
      "snake id": "1",
      "head": 11,
      "tail": 2
    },
    {
      "snake id": "1",
      "head": 12,
      "tail": 2
    },
    {
      "snake id": "1",
      "head": 13,
      "tail": 2
    },
    {
      "snake id": "1",
      "head": 14,
      "tail": 2
    },
    {
      "snake id": "1",
      "head": 15,
      "tail": 2
    },
    {
      "snake id": "1",
      "head": 16,
      "tail": 2
    }
  ],
  "ladders": [
    {
      "ladder id": "1",
      "top": 4,
      "bottom": 1
    },
    {
      "ladder id": "2",
      "top": 10,
      "bottom": 2
    },
    {
      "ladder id": "3",
      "top": 10,
      "bottom": 3
    },
    {
      "ladder id": "4",
      "top": 10,
      "bottom": 4
    },
    {
      "ladder id": "4",
      "top": 10,
      "bottom": 5
    },
    {
      "ladder id": "4",
      "top": 10,
      "bottom": 6
    }
  ]
}