{
  "tiles": 100,
  "dice": [
    {
      "die id": "1",
      "faces": [
        99,
        99,
        99,
        99,
        99,
        99
      ],
      "probs": [
        0.18,
        0.17,
        0.17,
        0.16,
        0.16,
        0.16
      ],
      "die location": 0
    }
  ],
  "start die": "1",
  "snakes": [
    {
      "snake id": "1",
      "head": 44,
      "tail": 5
    },
    {
      "snake id": "2",
      "head": 48,
      "tail": 9
    },
    {
      "snake id": "3",
      "head": 71,
      "tail": 12
    },
    {
      "snake id": "4",
      "head": 87,
      "tail": 23
    },
    {
      "snake id": "5",
      "head": 92,
      "tail": 64
    },
    {
      "snake id": "6",
      "head": 40,
      "tail": 13
    }
  ],
  "ladders": [
    {
      "ladder id": "1",
      "top": 37,
      "bottom": 0
    },
    {
      "ladder id": "2",
      "top": 16,
      "bottom": 3
    },
    {
      "ladder id": "3",
      "top": 29,
      "bottom": 7
    },
    {
      "ladder id": "4",
      "top": 41,
      "bottom": 20
    },
    {
      "ladder id": "5",
      "top": 98,
      "bottom": 79
    },
    {
      "ladder id": "6",
      "top": 91,
      "bottom": 80
    }
  ]
}