{
  "tiles": 64,
  "dice": [
    {
      "die id": "1",
      "faces": [
        2,
        2,
        2,
        2,
        2,
        2
      ],
      "probs": [
        0.18,
        0.17,
        0.17,
        0.16,
        0.16,
        0.16
      ],
      "die location": 0
    },
    {
      "die id": "6",
      "faces": [
        1,
        12,
        1,
        3,
        1,
        3
      ],
      "probs": [
        0.01,
        0.90,
        0.01,
        0.01,
        0.01,
        0.06
      ],
      "die location": 6
    },
    {
      "die id": "2",
      "faces": [
        1,
        10,
        1,
        3,
        1,
        0
      ],
      "probs": [
        0.01,
        0.90,
        0.01,
        0.01,
        0.01,
        0.06
      ],
      "die location": 2
    },
    {
      "die id": "1",
      "faces": [
        0,
        3,
        1,
        3,
        1,
        3
      ],
      "probs": [
        0.90,
        0.01,
        0.01,
        0.01,
        0.01,
        0.06
      ],
      "die location": 1
    },
    {
      "die id": "3",
      "faces": [
        0,
        3,
        1,
        3,
        1,
        3
      ],
      "probs": [
        0.90,
        0.01,
        0.01,
        0.01,
        0.01,
        0.06
      ],
      "die location": 3
    },
    {
      "die id": "5",
      "faces": [
        1,
        0,
        1,
        3,
        1,
        3
      ],
      "probs": [
        0.01,
        0.90,
        0.01,
        0.01,
        0.01,
        0.06
      ],
      "die location": 5
    },
    {
      "die id": "4",
      "faces": [
        1,
        9,
        1,
        3,
        1,
        3
      ],
      "probs": [
        0.01,
        0.90,
        0.01,
        0.01,
        0.01,
        0.06
      ],
      "die location": 4
    }
  ],
  "start die": "1",
  "snakes": [
    {
      "snake id": "1",
      "head": 12,
      "tail": 2
    }
  ],
  "ladders": [
    {
      "ladder id": "1",
      "top": 15,
      "bottom": 1
    }
  ]
}