{
  "tiles": 64,
  "dice": [
    {
      "die id": "1",
      "faces": [
        1,
        2,
        3,
        4,
        5,
        6
      ],
      "probs": [
        0.18,
        0.17,
        0.17,
        0.16,
        0.16,
        0.16
      ],
      "die location": 1
    },
    {
      "die id": "2",
      "faces": [
        2,
        2,
        2,
        2,
        2,
        2
      ],
      "probs": [
        0.18,
        0.17,
        0.17,
        0.16,
        0.16,
        0.16
      ],
      "die location": 2
    },
    {
      "die id": "3",
      "faces": [
        3,
        3,
        3,
        3,
        3,
        3
      ],
      "probs": [
        0.18,
        0.17,
        0.17,
        0.16,
        0.16,
        0.16
      ],
      "die location": 3
    },
    {
      "die id": "4",
      "faces": [
        4,
        4,
        4,
        4,
        4,
        4
      ],
      "probs": [
        0.18,
        0.17,
        0.17,
        0.16,
        0.16,
        0.16
      ],
      "die location": 4
    },
    {
      "die id": "5",
      "faces": [
        5,
        5,
        5,
        5,
        5,
        5
      ],
      "probs": [
        0.18,
        0.17,
        0.17,
        0.16,
        0.16,
        0.16
      ],
      "die location": 5
    },
    {
      "die id": "6",
      "faces": [
        6,
        6,
        6,
        6,
        6,
        6
      ],
      "probs": [
        0.18,
        0.17,
        0.17,
        0.16,
        0.16,
        0.16
      ],
      "die location": 6
    }
  ],
  "start die": "1",
  "snakes": [],
  "ladders": []
}