{
  "tiles": 64,
  "dice": [
    {
      "die id": "1",
      "faces": [
        1,
        2,
        3,
        4,
        5,
        6
      ],
      "probs": [
        0.18,
        0.17,
        0.17,
        0.16,
        0.16,
        0.16
      ],
      "die location": 0
    },
    {
      "die id": "2",
      "faces": [
        1,
        3,
        1,
        3,
        1,
        3
      ],
      "probs": [
        0.18,
        0.17,
        0.17,
        0.16,
        0.16,
        0.16
      ],
      "die location": 6
    },
    {
      "die id": "3",
      "faces": [
        1,
        2,
        3,
        4,
        5,
        6
      ],
      "probs": [
        0.18,
        0.17,
        0.17,
        0.16,
        0.16,
        0.16
      ],
      "die location": 6
    }
  ],
  "start die": "1",
  "snakes": [
    {
      "snake id": "1",
      "head": 9,
      "tail": 2
    }
  ],
  "ladders": [
    {
      "ladder id": "1",
      "top": 4,
      "bottom": 3
    }
  ]
}